1 pound tofu, sliced into 8 even pieces	1 pound tofu , sliced into 8 even pieces	1
2 tablespoons soy sauce	2 tablespoons soy sauce	2
2 tablespoons agave nectar	2 tablespoons agave nectar	1
1 tablespoon toasted sesame oil	1 tablespoon toasted sesame oil	1
1 teaspoon minced garlic	1 teaspoon minced garlic	3
1 teaspoon minced fresh ginger	1 teaspoon minced fresh ginger	1
1 tablespoon sesame seeds, or to taste	1 tablespoon sesame seeds , or to taste	2
1 (8 ounce) container extra firm tofu, drained and sliced into large chunks	1 -lrb- 8 ounce -rrb- container extra firm tofu , drained and sliced into large chunks	1
1 zucchini, cut into large chunks	1 zucchini , cut into large chunks	1
1 red bell pepper, cut into large chunks	1 red bell pepper , cut into large chunks	1
10 large mushrooms	10 large mushrooms	1
2 tablespoons sriracha chili garlic sauce	2 tablespoons sriracha chili garlic sauce	1
¼ cup soy sauce	1/4 cup soy sauce	1
2 tablespoons sesame oil	2 tablespoons sesame oil	2
¼ cup diced onion	1/4 cup diced onion	1
1 jalapeno pepper, diced	1 jalapeno pepper , diced	1
ground black pepper to taste	ground black pepper to taste	3
3 tablespoons olive oil, divided	3 tablespoons olive oil , divided	2
½ teaspoon salt	1/2 teaspoon salt	7
black pepper to taste	black pepper to taste	1
1 ½ teaspoons onion powder	1 1/2 teaspoons onion powder	1
1 ½ teaspoons garlic powder	1 1/2 teaspoons garlic powder	1
½ teaspoon ground turmeric	1/2 teaspoon ground turmeric	1
1 tablespoon fresh lemon juice	1 tablespoon fresh lemon juice	2
1 tablespoon olive oil	1 tablespoon olive oil	10
1 cup finely diced red onion	1 cup finely diced red onion	1
2 jalapeno peppers, seeded and chopped	2 jalapeno peppers , seeded and chopped	2
3 cloves garlic, minced	3 cloves garlic , minced	5
2 cups chopped tomatoes	2 cups chopped tomatoes	1
1 ½ teaspoons cumin	1 1/2 teaspoons cumin	1
¼ cup chopped fresh cilantro	1/4 cup chopped fresh cilantro	3
1 ½ cups cooked hash brown potatoes	1 1/2 cups cooked hash brown potatoes	1
1 avocado - peeled, pitted and sliced	1 avocado - peeled , pitted and sliced	1
1 teaspoon fresh lemon juice	1 teaspoon fresh lemon juice	1
1 teaspoon hot sauce, or to taste	1 teaspoon hot sauce , or to taste	1
½ cup seasoned bread crumbs	1/2 cup seasoned bread crumbs	1
5 tablespoons grated Parmesan cheese	5 tablespoons grated parmesan cheese	1
2 teaspoons dried oregano, divided	2 teaspoons dried oregano , divided	1
salt to taste	salt to taste	6
1 (12 ounce) package firm tofu	1 -lrb- 12 ounce -rrb- package firm tofu	1
2 tablespoons olive oil	2 tablespoons olive oil	12
1 (8 ounce) can tomato sauce	1 -lrb- 8 ounce -rrb- can tomato sauce	1
½ teaspoon dried basil	1/2 teaspoon dried basil	2
1 clove garlic, minced	1 clove garlic , minced	1
4 ounces shredded mozzarella cheese	4 ounces shredded mozzarella cheese	1
2 pita bread rounds	2 pita bread rounds	1
3 tablespoons mayonnaise	3 tablespoons mayonnaise	1
3 tablespoons tahini (sesame-seed paste)	3 tablespoons tahini -lrb- sesame-seed paste -rrb-	1
1 tomato, sliced	1 tomato , sliced	1
4 slices firm tofu	4 slices firm tofu	1
1 dash soy sauce	1 dash soy sauce	1
1 pinch salt	1 pinch salt	8
2 cups water	2 cups water	3
2 tablespoons light soy sauce	2 tablespoons light soy sauce	1
2 tablespoons mirin	2 tablespoons mirin	1
1 teaspoon dashi granules	1 teaspoon dashi granules	1
¼ cup all-purpose flour, or as needed	1/4 cup all-purpose flour , or as needed	1
vegetable oil for frying	vegetable oil for frying	1
2 green onions, chopped	2 green onions , chopped	1
1 red onion, finely diced	1 red onion , finely diced	1
1 ⅓ cups diced celery	1 1/3 cups diced celery	1
1 cup chopped mushrooms	1 cup chopped mushrooms	1
2 cloves garlic, minced	2 cloves garlic , minced	7
⅛ cup dried sage	⅛ cup dried sage	1
2 teaspoons dried thyme	2 teaspoons dried thyme	1
salt and pepper to taste	salt and pepper to taste	6
1 ½ teaspoons dried rosemary	1 1/2 teaspoons dried rosemary	1
¼ cup tamari	1/4 cup tamari	2
3 cups prepared herb stuffing	3 cups prepared herb stuffing	1
½ cup sesame oil	1/2 cup sesame oil	1
2 tablespoons miso paste	2 tablespoons miso paste	1
5 tablespoons orange juice	5 tablespoons orange juice	1
1 teaspoon honey mustard	1 teaspoon honey mustard	1
½ teaspoon orange zest	1/2 teaspoon orange zest	1
3 sprigs fresh rosemary	3 sprigs fresh rosemary	1
2 cups vegetable broth	2 cups vegetable broth	1
3 tablespoons vegetable oil	3 tablespoons vegetable oil	4
½ cup all-purpose flour	1/2 cup all-purpose flour	3
3 tablespoons nutritional yeast	3 tablespoons nutritional yeast	1
1 teaspoon salt	1 teaspoon salt	8
½ teaspoon freshly ground black pepper	1/2 teaspoon freshly ground black pepper	4
1 teaspoon sage	1 teaspoon sage	1
½ teaspoon cayenne pepper	1/2 teaspoon cayenne pepper	7
3 frozen strawberries	3 frozen strawberries	1
5 frozen peach slices	5 frozen peach slices	1
1 (8 ounce) container strawberry yogurt	1 -lrb- 8 ounce -rrb- container strawberry yogurt	1
1 cup orange juice	1 cup orange juice	1
1 pound extra-firm tofu	1 pound extra-firm tofu	1
1 tablespoon garlic powder	1 tablespoon garlic powder	1
1 teaspoon oregano	1 teaspoon oregano	1
1 teaspoon basil	1 teaspoon basil	1
1 teaspoon lemon juice	1 teaspoon lemon juice	2
extra-virgin olive oil, or as needed	extra-virgin olive oil , or as needed	1
½ (12 ounce) package uncooked lasagna noodles	1/2 -lrb- 12 ounce -rrb- package uncooked lasagna noodles	1
1 (12 ounce) package firm tofu, crumbled	1 -lrb- 12 ounce -rrb- package firm tofu , crumbled	1
2 eggs	2 eggs	2
¼ teaspoon salt	1/4 teaspoon salt	3
¼ teaspoon black pepper	1/4 teaspoon black pepper	3
¼ teaspoon ground nutmeg	1/4 teaspoon ground nutmeg	2
2 tablespoons milk	2 tablespoons milk	3
1 cup spaghetti sauce	1 cup spaghetti sauce	1
1 tablespoon dried parsley	1 tablespoon dried parsley	3
2 cups shredded mozzarella cheese, divided	2 cups shredded mozzarella cheese , divided	1
½ cup grated Parmesan cheese	1/2 cup grated parmesan cheese	1
2 inch piece fresh ginger root, peeled and minced	2 inch piece fresh ginger root , peeled and minced	1
2 onions, halved and sliced	2 onions , halved and sliced	1
½ head cauliflower, cut into florets	1/2 head cauliflower , cut into florets	1
3 carrots, peeled and sliced	3 carrots , peeled and sliced	1
3 tablespoons vindaloo curry powder	3 tablespoons vindaloo curry powder	1
6 tablespoons tomato paste	6 tablespoons tomato paste	1
1 cup vegetable broth	1 cup vegetable broth	2
1 pound extra-firm tofu, cut into 1-inch cubes	1 pound extra-firm tofu , cut into 1 inch cubes	1
1 cup mushrooms, sliced	1 cup mushrooms , sliced	1
1 tablespoon soy sauce	1 tablespoon soy sauce	2
1 teaspoon white sugar	1 teaspoon white sugar	2
½ teaspoon dashi granules	1/2 teaspoon dashi granules	1
½ teaspoon water	1/2 teaspoon water	1
¼ (12 ounce) package silken tofu	1/4 -lrb- 12 ounce -rrb- package silken tofu	1
1 ½ teaspoons grated fresh ginger root	1 1/2 teaspoons grated fresh ginger root	1
¼ teaspoon thinly sliced green onion	1/4 teaspoon thinly sliced green onion	1
1 pinch bonito shavings (dry fish flakes)	1 pinch bonito shavings -lrb- dry fish flakes -rrb-	1
1 pinch toasted sesame seeds	1 pinch toasted sesame seeds	1
1 tablespoon sweet chili sauce	1 tablespoon sweet chili sauce	1
½ teaspoon grated fresh ginger root	1/2 teaspoon grated fresh ginger root	2
2 cloves garlic, crushed	2 cloves garlic , crushed	3
1 tablespoon dark soy sauce	1 tablespoon dark soy sauce	1
1 tablespoon sesame oil	1 tablespoon sesame oil	1
1 cup snow peas, trimmed	1 cup snow peas , trimmed	1
2 small carrots, grated	2 small carrots , grated	1
1 cup finely shredded red cabbage	1 cup finely shredded red cabbage	1
2 tablespoons chopped peanuts	2 tablespoons chopped peanuts	1
2 tablespoons butter	2 tablespoons butter	6
2 cups sliced carrots	2 cups sliced carrots	1
1 ½ cups chopped onion	1 1/2 cups chopped onion	1
1 ½ cups chopped celery	1 1/2 cups chopped celery	1
1 ½ teaspoons minced garlic	1 1/2 teaspoons minced garlic	1
12 cups vegetarian chicken-flavored broth	12 cups vegetarian chicken-flavored broth	1
2 cups egg noodles	2 cups egg noodles	1
¼ cup raisins	1/4 cup raisins	1
½ teaspoon dried oregano	1/2 teaspoon dried oregano	3
¼ teaspoon poultry seasoning	1/4 teaspoon poultry seasoning	1
¼ teaspoon dried thyme	1/4 teaspoon dried thyme	2
¼ teaspoon dried rosemary	1/4 teaspoon dried rosemary	2
¼ teaspoon dried marjoram	1/4 teaspoon dried marjoram	1
¼ cup cornstarch	1/4 cup cornstarch	1
3 tablespoons cold water	3 tablespoons cold water	1
4 ounces ground pork	4 ounces ground pork	1
2 tablespoons dry sherry	2 tablespoons dry sherry	1
1 teaspoon cornstarch	1 teaspoon cornstarch	1
½ tablespoon fermented black beans, rinsed and mashed	1/2 tablespoon fermented black beans , rinsed and mashed	1
½ tablespoon chili paste with garlic	1/2 tablespoon chili paste with garlic	1
1 teaspoon cayenne pepper	1 teaspoon cayenne pepper	3
3 cloves garlic, crushed	3 cloves garlic , crushed	1
½ teaspoon minced fresh ginger	1/2 teaspoon minced fresh ginger	1
1 cup frozen green peas	1 cup frozen green peas	1
½ cup chicken broth	1/2 cup chicken broth	1
1 tablespoon cornstarch, mixed with equal parts water	1 tablespoon cornstarch , mixed with equal parts water	2
⅓ cup grated carrot	1/3 cup grated carrot	1
¼ cup shredded zucchini	1/4 cup shredded zucchini	1
3 tablespoons chopped onion	3 tablespoons chopped onion	1
1 (8 ounce) container tofu	1 -lrb- 8 ounce -rrb- container tofu	1
½ cup shredded Monterey Jack cheese	1/2 cup shredded monterey jack cheese	1
1 cup shredded mozzarella cheese, divided	1 cup shredded mozzarella cheese , divided	1
½ cup ricotta cheese	1/2 cup ricotta cheese	1
1 egg white	1 egg white	1
½ teaspoon pepper	1/2 teaspoon pepper	1
2 (8 ounce) cans diced tomatoes	2 -lrb- 8 ounce -rrb- cans diced tomatoes	1
⅓ cup tomato paste	1/3 cup tomato paste	1
1 teaspoon dried basil	1 teaspoon dried basil	2
1 teaspoon dried oregano	1 teaspoon dried oregano	5
¼ teaspoon garlic powder	1/4 teaspoon garlic powder	1
½ cup plain yogurt	1/2 cup plain yogurt	1
2 tablespoons lemon juice	2 tablespoons lemon juice	3
2 teaspoons ground cumin	2 teaspoons ground cumin	3
1 teaspoon paprika	1 teaspoon paprika	6
1 teaspoon garam masala	1 teaspoon garam masala	1
1 tablespoon minced fresh ginger root	1 tablespoon minced fresh ginger root	2
2 tablespoons unsalted butter	2 tablespoons unsalted butter	1
4 cloves garlic, minced	4 cloves garlic , minced	2
3 serrano peppers, seeded and minced	3 serrano peppers , seeded and minced	1
4 teaspoons ground coriander	4 teaspoons ground coriander	1
2 teaspoons garam masala	2 teaspoons garam masala	1
1 small head cauliflower, cut into florets	1 small head cauliflower , cut into florets	1
2 cups half-and-half cream	2 cups half-and-half cream	1
1 cup frozen peas	1 cup frozen peas	1
⅓ cup seasoned rice vinegar	1/3 cup seasoned rice vinegar	1
3 tablespoons fish sauce	3 tablespoons fish sauce	1
1 tablespoon Asian chili paste (sambal), or more to taste	1 tablespoon asian chili paste -lrb- sambal -rrb- , or more to taste	1
1 teaspoon brown sugar	1 teaspoon brown sugar	1
4 green onions, chopped	4 green onions , chopped	2
1 cup carrots, cut into thin matchsticks	1 cup carrots , cut into thin matchsticks	1
½ cup chopped fresh herbs (basil, mint, and cilantro)	1/2 cup chopped fresh herbs -lrb- basil , mint , and cilantro -rrb-	1
½ cup chopped peanuts	1/2 cup chopped peanuts	1
1 teaspoon sesame oil	1 teaspoon sesame oil	1
6 grilled boneless, skinless chicken thighs (optional)	6 grilled boneless , skinless chicken thighs -lrb- optional -rrb-	1
¼ cup Fresno chile peppers, cut into rings (optional)	1/4 cup fresno chile peppers , cut into rings -lrb- optional -rrb-	1
3 tablespoons olive oil	3 tablespoons olive oil	1
1 small onion, chopped	1 small onion , chopped	1
3 tablespoons curry powder	3 tablespoons curry powder	1
1 teaspoon ground cinnamon	1 teaspoon ground cinnamon	4
1 bay leaf	1 bay leaf	3
½ teaspoon white sugar	1/2 teaspoon white sugar	1
2 skinless, boneless chicken breast halves - cut into bite-size pieces	2 skinless , boneless chicken breast halves - cut into bite-size pieces	1
1 tablespoon tomato paste	1 tablespoon tomato paste	1
1 cup plain yogurt	1 cup plain yogurt	1
¾ cup coconut milk	3/4 cup coconut milk	1
½ lemon, juiced	1/2 lemon , juiced	3
2 teaspoons curry powder	2 teaspoons curry powder	1
2 teaspoons dry Caribbean jerk seasoning	2 teaspoons dry caribbean jerk seasoning	1
2 teaspoons chicken bouillon granules	2 teaspoons chicken bouillon granules	1
1 yellow onion, coarsely chopped	1 yellow onion , coarsely chopped	1
1 teaspoon fresh minced garlic	1 teaspoon fresh minced garlic	1
2 pounds skinless, boneless chicken breast halves - cut into 1/2 inch cubes	2 pounds skinless , boneless chicken breast halves - cut into 1/2 inch cubes	1
1 cup peeled, seeded, and diced butternut squash	1 cup peeled , seeded , and diced butternut squash	1
8 ounces button mushrooms, sliced	8 ounces button mushrooms , sliced	1
1 bunch green onions, cut into 1/4-inch pieces	1 bunch green onions , cut into 1/4-inch pieces	1
½ cup tomato juice	1/2 cup tomato juice	1
1 tablespoon white sugar	1 tablespoon white sugar	1
1 tablespoon butter	1 tablespoon butter	7
½ cup diced carrot	1/2 cup diced carrot	1
½ cup diced onion	1/2 cup diced onion	2
½ cup diced celery	1/2 cup diced celery	1
¼ teaspoon fresh thyme leaves	1/4 teaspoon fresh thyme leaves	1
2 tablespoons melted chicken fat	2 tablespoons melted chicken fat	1
2 quarts roasted chicken broth (see footnote for recipe link)	2 quarts roasted chicken broth -lrb- see footnote for recipe link -rrb-	1
4 ounces uncooked wide egg noodles	4 ounces uncooked wide egg noodles	1
2 cooked boneless chicken breast halves, cubed	2 cooked boneless chicken breast halves , cubed	1
1 pinch cayenne pepper (optional)	1 pinch cayenne pepper -lrb- optional -rrb-	1
1 pinch salt and ground black pepper to taste	1 pinch salt and ground black pepper to taste	1
1 whole chicken, cut into serving pieces	1 whole chicken , cut into serving pieces	1
salt and freshly ground black pepper to taste	salt and freshly ground black pepper to taste	6
½ cup water	1/2 cup water	4
1 onion, diced	1 onion , diced	3
⅓ cup sliced green olives	1/3 cup sliced green olives	1
4 cloves garlic, thinly sliced	4 cloves garlic , thinly sliced	1
2 tablespoons smoked paprika	2 tablespoons smoked paprika	1
2 tablespoons capers	2 tablespoons capers	1
1 tablespoon ground cumin	1 tablespoon ground cumin	3
¼ teaspoon cayenne pepper	1/4 teaspoon cayenne pepper	4
1 red bell pepper, diced	1 red bell pepper , diced	1
1 green bell pepper, diced	1 green bell pepper , diced	1
2 teaspoons white sugar	2 teaspoons white sugar	1
2 teaspoons kosher salt	2 teaspoons kosher salt	3
¼ cup tomato paste	1/4 cup tomato paste	2
2 cups long grain white rice	2 cups long grain white rice	1
4 cups chicken broth	4 cups chicken broth	2
¼ cup butter	1/4 cup butter	2
½ onion, diced	1/2 onion , diced	1
4 cloves garlic, crushed	4 cloves garlic , crushed	3
1 teaspoon ground black pepper	1 teaspoon ground black pepper	8
1 teaspoon ground cumin	1 teaspoon ground cumin	6
½ teaspoon ground cinnamon	1/2 teaspoon ground cinnamon	2
1 pinch dried oregano	1 pinch dried oregano	1
1 pound ground lamb	1 pound ground lamb	1
1 cup white rice	1 cup white rice	1
2 teaspoons salt	2 teaspoons salt	2
¼ cup packed chopped Italian parsley	1/4 cup packed chopped italian parsley	1
2 tablespoons sliced almonds	2 tablespoons sliced almonds	1
1 tablespoon dried currants	1 tablespoon dried currants	1
1 head cabbage	1 head cabbage	1
salt and ground black pepper to taste	salt and ground black pepper to taste	9
2 bay leaves	2 bay leaves	1
1 cup tomato puree	1 cup tomato puree	1
3 ½ cups chicken broth	3 1/2 cups chicken broth	1
½ onion, sliced	1/2 onion , sliced	1
¼ cup crumbled feta cheese (optional)	1/4 cup crumbled feta cheese -lrb- optional -rrb-	1
2 tablespoons chopped Italian parsley (optional)	2 tablespoons chopped italian parsley -lrb- optional -rrb-	1
4 large links hot Italian sausage	4 large links hot italian sausage	1
2 tablespoons olive oil, divided	2 tablespoons olive oil , divided	2
6 bone-in, skin on chicken thighs	6 bone-in , skin on chicken thighs	1
½ pound assorted sweet peppers, seeded	1/2 pound assorted sweet peppers , seeded	1
1 small red onion, sliced	1 small red onion , sliced	1
½ yellow onion, sliced	1/2 yellow onion , sliced	1
4 large Yukon Gold potatoes, quartered	4 large yukon gold potatoes , quartered	1
2 teaspoons dried Italian herbs	2 teaspoons dried italian herbs	1
2 teaspoons kosher salt, plus more as needed	2 teaspoons kosher salt , plus more as needed	1
Freshly ground black pepper to taste	freshly ground black pepper to taste	1
Chopped fresh Italian parsley (optional)	chopped fresh italian parsley -lrb- optional -rrb-	1
2 teaspoons olive oil	2 teaspoons olive oil	2
12 ounces spicy Italian sausage, casings removed	12 ounces spicy italian sausage , casings removed	1
1 pound boneless, skinless chicken thighs, cut into bite-size pieces	1 pound boneless , skinless chicken thighs , cut into bite-size pieces	1
1 teaspoon salt, or to taste	1 teaspoon salt , or to taste	1
3 cups chicken broth, plus more as needed	3 cups chicken broth , plus more as needed	1
½ cup tomato sauce	1/2 cup tomato sauce	1
1 ½ cups uncooked orzo (rice-shaped pasta)	1 1/2 cups uncooked orzo -lrb- rice-shaped pasta -rrb-	1
1 teaspoon kosher salt, or to taste	1 teaspoon kosher salt , or to taste	1
½ cup finely grated Parmigiano-Reggiano	1/2 cup finely grated parmigiano-reggiano	1
¼ cup chopped Italian parsley	1/4 cup chopped italian parsley	1
2 tablespoons sliced fresh chives	2 tablespoons sliced fresh chives	1
4 tablespoons ricotta cheese for garnish	4 tablespoons ricotta cheese for garnish	1
6 bone-in chicken thighs with skin	6 bone-in chicken thighs with skin	1
1 pound linguica sausage, sliced	1 pound linguica sausage , sliced	1
½ onion, chopped	1/2 onion , chopped	1
1 tablespoon paprika	1 tablespoon paprika	3
1 tablespoon herbes de Provence	1 tablespoon herbes de provence	2
1 teaspoon fresh parsley, chopped	1 teaspoon fresh parsley , chopped	1
4 cups chicken stock, or as needed	4 cups chicken stock , or as needed	1
1 red bell pepper, chopped	1 red bell pepper , chopped	2
1 mildly hot green pepper, such as a chilaca, chopped	1 mildly hot green pepper , such as a chilaca , chopped	1
8 ounces uncooked orzo pasta	8 ounces uncooked orzo pasta	1
2 cubes chicken bouillon	2 cubes chicken bouillon	1
1 clove garlic, smashed	1 clove garlic , smashed	1
1 cup uncooked quinoa	1 cup uncooked quinoa	1
2 large cooked chicken breasts - cut into bite size pieces	2 large cooked chicken breasts - cut into bite size pieces	1
1 large red onion, diced	1 large red onion , diced	1
1 large green bell pepper, diced	1 large green bell pepper , diced	1
½ cup chopped kalamata olives	1/2 cup chopped kalamata olives	1
½ cup crumbled feta cheese	1/2 cup crumbled feta cheese	1
¼ cup chopped fresh parsley	1/4 cup chopped fresh parsley	1
¼ cup chopped fresh chives	1/4 cup chopped fresh chives	1
⅔ cup fresh lemon juice	2/3 cup fresh lemon juice	1
1 tablespoon balsamic vinegar	1 tablespoon balsamic vinegar	2
¼ cup olive oil	1/4 cup olive oil	4
3 skinless, boneless chicken breast halves	3 skinless , boneless chicken breast halves	1
½ (8 ounce) jar medium salsa	1/2 -lrb- 8 ounce -rrb- jar medium salsa	1
¼ cup tomato sauce	1/4 cup tomato sauce	1
1 small red onion, chopped	1 small red onion , chopped	1
1 teaspoon chili powder	1 teaspoon chili powder	1
1 pinch salt and fresh ground pepper to taste	1 pinch salt and fresh ground pepper to taste	1
¾ cup dark brown sugar	3/4 cup dark brown sugar	1
⅓ cup cold water	1/3 cup cold water	1
⅓ cup fish sauce	1/3 cup fish sauce	1
⅓ cup rice vinegar	1/3 cup rice vinegar	1
1 tablespoon fresh grated ginger	1 tablespoon fresh grated ginger	1
1 teaspoon vegetable oil	1 teaspoon vegetable oil	3
8 boneless, skinless chicken thighs, quartered	8 boneless , skinless chicken thighs , quartered	1
½ cup roasted peanuts	1/2 cup roasted peanuts	1
2 fresh jalapeno peppers, seeded and sliced	2 fresh jalapeno peppers , seeded and sliced	1
1 bunch green onions, chopped	1 bunch green onions , chopped	2
fresh cilantro sprigs, for garnish	fresh cilantro sprigs , for garnish	1
1 tablespoon kosher salt	1 tablespoon kosher salt	3
1 teaspoon black pepper	1 teaspoon black pepper	2
4 (10 ounce) lamb shoulder chops	4 -lrb- 10 ounce -rrb- lamb shoulder chops	1
⅓ cup sherry vinegar	1/3 cup sherry vinegar	1
2 tablespoons white sugar	2 tablespoons white sugar	1
1 ½ cups low-sodium chicken broth	1 1/2 cups low-sodium chicken broth	1
2 teaspoons minced fresh rosemary	2 teaspoons minced fresh rosemary	1
¼ teaspoon ground cinnamon	1/4 teaspoon ground cinnamon	1
2 bunches breakfast radishes, rinsed and trimmed	2 bunches breakfast radishes , rinsed and trimmed	1
5 fresh mint leaves, finely sliced	5 fresh mint leaves , finely sliced	1
1 tablespoon cold butter	1 tablespoon cold butter	1
6 tablespoons unsalted butter	6 tablespoons unsalted butter	1
½ pound sliced mushrooms	1/2 pound sliced mushrooms	1
2 large shallots, minced	2 large shallots , minced	1
1 cup diced sweet bell peppers	1 cup diced sweet bell peppers	1
Salt and freshly ground black pepper to taste	salt and freshly ground black pepper to taste	1
⅓ cup all-purpose flour	1/3 cup all-purpose flour	1
¼ cup dry sherry	1/4 cup dry sherry	1
3 ½ cups chicken stock or broth	3 1/2 cups chicken stock or broth	1
1 pinch freshly grated nutmeg	1 pinch freshly grated nutmeg	1
1 pinch cayenne pepper	1 pinch cayenne pepper	6
2 teaspoons fresh thyme	2 teaspoons fresh thyme	1
1 tablespoon chopped fresh Italian parsley	1 tablespoon chopped fresh italian parsley	1
⅓ cup creme fraiche or heavy cream	1/3 cup creme fraiche or heavy cream	1
4 cups cubed roasted chicken	4 cups cubed roasted chicken	1
Chopped fresh chives for garnish	chopped fresh chives for garnish	1
4 slices bacon, sliced crosswise into 1/2-inch pieces	4 slices bacon , sliced crosswise into 1/2-inch pieces	1
1 pinch salt and freshly ground black pepper to taste	1 pinch salt and freshly ground black pepper to taste	2
2 cups arugula, coarsely chopped	2 cups arugula , coarsely chopped	1
1 tablespoon olive oil, or as needed	1 tablespoon olive oil , or as needed	2
1 skinless, boneless chicken breast half, cut into cubes	1 skinless , boneless chicken breast half , cut into cubes	1
1 large sweet potato, peeled and cut into 1/2-inch pieces	1 large sweet potato , peeled and cut into 1/2-inch pieces	1
1 tablespoon Irish whiskey	1 tablespoon irish whiskey	1
1 tablespoon minced fresh sage	1 tablespoon minced fresh sage	1
1 pear - peeled, cored, and cut into 1/2-inch pieces	1 pear - peeled , cored , and cut into 1/2-inch pieces	1
2 cups baby spinach	2 cups baby spinach	1
¼ cup chopped toasted hazelnuts	1/4 cup chopped toasted hazelnuts	1
6 skinless, boneless chicken breast halves	6 skinless , boneless chicken breast halves	4
1 lemon	1 lemon	1
3 cups fresh sliced mushrooms	3 cups fresh sliced mushrooms	1
2 tablespoons all-purpose flour	2 tablespoons all-purpose flour	5
½ cup chicken broth, or more as needed	1/2 cup chicken broth , or more as needed	1
1 tablespoon chopped fresh parsley	1 tablespoon chopped fresh parsley	2
⅓ cup butter, melted	1/3 cup butter , melted	1
⅓ cup honey	1/3 cup honey	1
2 tablespoons prepared mustard	2 tablespoons prepared mustard	1
1 teaspoon curry powder	1 teaspoon curry powder	2
1 teaspoon garlic salt	1 teaspoon garlic salt	1
1 onion, thinly sliced	1 onion , thinly sliced	1
½ cup balsamic vinegar	1/2 cup balsamic vinegar	1
1 teaspoon dried rosemary	1 teaspoon dried rosemary	2
½ teaspoon dried thyme	1/2 teaspoon dried thyme	2
1 pound skinless, boneless chicken breast halves - cut into 1 inch cubes	1 pound skinless , boneless chicken breast halves - cut into 1 inch cubes	1
1 pound andouille sausage, sliced	1 pound andouille sausage , sliced	1
1 large onion, chopped	1 large onion , chopped	2
1 large green bell pepper, chopped	1 large green bell pepper , chopped	1
1 cup chopped celery	1 cup chopped celery	1
1 cup chicken broth	1 cup chicken broth	2
2 teaspoons dried oregano	2 teaspoons dried oregano	3
2 teaspoons dried parsley	2 teaspoons dried parsley	1
2 teaspoons Cajun seasoning	2 teaspoons cajun seasoning	1
1 pound frozen cooked shrimp without tails	1 pound frozen cooked shrimp without tails	1
1 ¾ pounds diced chicken breast meat	1 3/4 pounds diced chicken breast meat	1
2 green bell peppers, diced	2 green bell peppers , diced	1
2 red bell peppers, diced	2 red bell peppers , diced	1
½ cup frozen corn kernels	1/2 cup frozen corn kernels	1
2 teaspoons chili powder	2 teaspoons chili powder	1
1 teaspoon garlic powder	1 teaspoon garlic powder	1
½ teaspoon ground cayenne pepper	1/2 teaspoon ground cayenne pepper	1
½ teaspoon ground cumin	1/2 teaspoon ground cumin	3
2 skinless, boneless chicken breast halves	2 skinless , boneless chicken breast halves	1
salt and fresh ground pepper to taste	salt and fresh ground pepper to taste	1
1 tablespoon all-purpose flour	1 tablespoon all-purpose flour	2
¾ cup chicken broth	3/4 cup chicken broth	2
2 tablespoons minced green onions	2 tablespoons minced green onions	1
½ teaspoon chipotle chile powder, or more to taste	1/2 teaspoon chipotle chile powder , or more to taste	1
2 (6 ounce) (1/4 inch thick) slices of beef round	2 -lrb- 6 ounce -rrb- -lrb- 1/4 inch thick -rrb- slices of beef round	1
1 teaspoon freshly ground black pepper	1 teaspoon freshly ground black pepper	3
2 tablespoons Dijon mustard	2 tablespoons dijon mustard	1
4 strips bacon	4 strips bacon	1
paprika, or to taste	paprika , or to taste	1
½ onion, sliced into half-rings and separated	1/2 onion , sliced into half-rings and separated	1
6 dill pickle spears	6 dill pickle spears	1
1 tablespoon vegetable oil	1 tablespoon vegetable oil	8
¼ cup all-purpose flour	1/4 cup all-purpose flour	2
3 cups beef broth	3 cups beef broth	1
2 tablespoons dry bread crumbs	2 tablespoons dry bread crumbs	1
1 teaspoon butter, melted	1 teaspoon butter , melted	1
½ cup diced smoked ham	1/2 cup diced smoked ham	1
½ cup milk	1/2 cup milk	2
1 tablespoon milk	1 tablespoon milk	1
½ cup shredded Gruyere cheese	1/2 cup shredded gruyere cheese	1
1 ½ teaspoons Dijon mustard	1 1/2 teaspoons dijon mustard	2
1 pinch cayenne pepper, or more to taste	1 pinch cayenne pepper , or more to taste	1
1 pinch ground nutmeg	1 pinch ground nutmeg	2
1 cup diced cooked chicken breast	1 cup diced cooked chicken breast	1
¼ cup diced dill pickles	1/4 cup diced dill pickles	1
4 (1/2 inch thick) slices toasted French bread	4 -lrb- 1/2 inch thick -rrb- slices toasted french bread	1
¼ cup shredded Gruyere cheese	1/4 cup shredded gruyere cheese	1
1 tablespoon melted butter, divided	1 tablespoon melted butter , divided	1
2 skin-on, boneless chicken breast halves	2 skin-on , boneless chicken breast halves	1
1 teaspoon salt and ground black pepper to taste	1 teaspoon salt and ground black pepper to taste	1
3 tablespoons butter, divided	3 tablespoons butter , divided	1
5 white mushrooms, sliced	5 white mushrooms , sliced	1
1 shallot, minced	1 shallot , minced	1
1 cup Marsala wine	1 cup marsala wine	1
2 cups chicken stock	2 cups chicken stock	1
2 tablespoons chopped fresh parsley	2 tablespoons chopped fresh parsley	1
1 teaspoon cold butter	1 teaspoon cold butter	1
4 eggs	4 eggs	1
1 cup all-purpose flour	1 cup all-purpose flour	2
1 tablespoon salt	1 tablespoon salt	1
1 ½ pounds skinless, boneless chicken breast cutlets, pounded flat	1 1/2 pounds skinless , boneless chicken breast cutlets , pounded flat	1
½ cup dry sherry	1/2 cup dry sherry	1
2 lemons, juiced	2 lemons , juiced	1
¼ cup cold butter, cut into chunks	1/4 cup cold butter , cut into chunks	1
1 tablespoon chopped fresh flat-leaf parsley	1 tablespoon chopped fresh flat-leaf parsley	1
½ cup plain low-fat Greek yogurt	1/2 cup plain low-fat greek yogurt	2
1 tablespoon lemon zest	1 tablespoon lemon zest	1
1 teaspoon herbes de Provence	1 teaspoon herbes de provence	1
1 (5 pound) whole chicken, cut into 8 pieces	1 -lrb- 5 pound -rrb- whole chicken , cut into 8 pieces	1
1 tablespoon lemon juice	1 tablespoon lemon juice	1
1 teaspoon harissa	1 teaspoon harissa	1
1 tablespoon kosher salt, plus more to taste	1 tablespoon kosher salt , plus more to taste	1
2 teaspoons ground coriander	2 teaspoons ground coriander	1
1 teaspoon ground turmeric	1 teaspoon ground turmeric	2
2 ½ pounds skinless, boneless chicken thighs, cut into 2-inch pieces	2 1/2 pounds skinless , boneless chicken thighs , cut into 2 inch pieces	1
2 tablespoons vegetable oil	2 tablespoons vegetable oil	1
1 large yellow onion, chopped	1 large yellow onion , chopped	1
6 cloves garlic, minced	6 cloves garlic , minced	2
1 tablespoon finely grated fresh ginger	1 tablespoon finely grated fresh ginger	1
3 ½ cups chicken broth, or to taste	3 1/2 cups chicken broth , or to taste	1
¾ cup unsweetened natural peanut butter	3/4 cup unsweetened natural peanut butter	1
½ cup ketchup	1/2 cup ketchup	1
1 tablespoon packed brown sugar	1 tablespoon packed brown sugar	1
1 pound zucchini, cut into chunks	1 pound zucchini , cut into chunks	1
1 red bell pepper, cut into chunks	1 red bell pepper , cut into chunks	1
1 green poblano pepper, diced	1 green poblano pepper , diced	1
2 cups hot cooked rice	2 cups hot cooked rice	1
1 lime, for garnish	1 lime , for garnish	1
½ cup roasted peanuts, plus more for garnish	1/2 cup roasted peanuts , plus more for garnish	1
3 tablespoons chopped fresh cilantro, for garnish	3 tablespoons chopped fresh cilantro , for garnish	1
1 (1 inch thick) slice beef shank	1 -lrb- 1 inch thick -rrb- slice beef shank	1
2 pounds pork spareribs	2 pounds pork spareribs	1
2 bone-in chicken thighs	2 bone-in chicken thighs	1
6 cloves garlic	6 cloves garlic	1
2 cups water, divided	2 cups water , divided	1
¼ cup freshly grated Parmigiano-Reggiano cheese	1/4 cup freshly grated parmigiano-reggiano cheese	1
2 tablespoons chopped flat-leaf (Italian) parsley	2 tablespoons chopped flat-leaf -lrb- italian -rrb- parsley	1
2 teaspoons salt, or to taste	2 teaspoons salt , or to taste	1
¼ teaspoon red pepper flakes	1/4 teaspoon red pepper flakes	1
¼ cup Italian-seasoned bread crumbs	1/4 cup italian-seasoned bread crumbs	1
¼ cup grated Parmesan cheese	1/4 cup grated parmesan cheese	2
4 skinless, boneless chicken breast halves	4 skinless , boneless chicken breast halves	3
1 cup quinoa	1 cup quinoa	1
2 cups chicken broth	2 cups chicken broth	1
3 skinless, boneless chicken breast halves, cut into 1-inch pieces	3 skinless , boneless chicken breast halves , cut into 1 inch pieces	1
8 spears fresh asparagus, trimmed and cut into 1-inch pieces	8 spears fresh asparagus , trimmed and cut into 1 inch pieces	1
½ red bell pepper, chopped	1/2 red bell pepper , chopped	1
1 (3 1/2) pound whole chicken at room temperature	1 -lrb- 3 1/2 -rrb- pound whole chicken at room temperature	1
3 tablespoons kosher salt, or as needed	3 tablespoons kosher salt , or as needed	1
1 tablespoon chopped fresh thyme	1 tablespoon chopped fresh thyme	1
1 lemon, juiced	1 lemon , juiced	2
⅓ cup chicken broth	1/3 cup chicken broth	2
1 tablespoon water, or as needed (optional)	1 tablespoon water , or as needed -lrb- optional -rrb-	1
2 tablespoons cold butter, cut into four pieces	2 tablespoons cold butter , cut into four pieces	1
1 pinch cayenne pepper, or to taste	1 pinch cayenne pepper , or to taste	7
2 tablespoons peanut butter	2 tablespoons peanut butter	1
1 teaspoon lime juice	1 teaspoon lime juice	1
1 teaspoon Asian chile pepper sauce (such as sambal oelek), or to taste	1 teaspoon asian chile pepper sauce -lrb- such as sambal oelek -rrb- , or to taste	1
½ cup carrots cut into thin matchsticks	1/2 cup carrots cut into thin matchsticks	1
½ cup cucumber cut into thin matchsticks	1/2 cup cucumber cut into thin matchsticks	1
2 tablespoons jalapeno peppers cut into thin matchsticks	2 tablespoons jalapeno peppers cut into thin matchsticks	1
1 tablespoon seasoned rice vinegar	1 tablespoon seasoned rice vinegar	1
2 teaspoons fish sauce	2 teaspoons fish sauce	1
1 ½ tablespoons coconut milk	1 1/2 tablespoons coconut milk	1
¼ teaspoon ground turmeric	1/4 teaspoon ground turmeric	1
1 teaspoon Asian chile pepper sauce (such as sambal oelek)	1 teaspoon asian chile pepper sauce -lrb- such as sambal oelek -rrb-	1
1 tablespoon dry bread crumbs	1 tablespoon dry bread crumbs	1
2 teaspoons soy sauce	2 teaspoons soy sauce	1
1 pound ground chicken	1 pound ground chicken	1
2 tablespoons chopped fresh basil	2 tablespoons chopped fresh basil	1
salt	salt	1
¼ cup cilantro leaves	1/4 cup cilantro leaves	1
4 hamburger buns	4 hamburger buns	1
2 (8 bone) racks of lamb, fully trimmed	2 -lrb- 8 bone -rrb- racks of lamb , fully trimmed	1
2 teaspoons Dijon mustard	2 teaspoons dijon mustard	1
1 teaspoon minced fresh rosemary	1 teaspoon minced fresh rosemary	1
⅛ teaspoon ground cinnamon	⅛ teaspoon ground cinnamon	1
⅛ teaspoon ground cumin	⅛ teaspoon ground cumin	1
⅓ cup sliced shallot	1/3 cup sliced shallot	1
1 cup fresh blueberries	1 cup fresh blueberries	1
1 cup dry red wine	1 cup dry red wine	1
1 pinch ground black pepper	1 pinch ground black pepper	2
1 tablespoon butter, or more as needed	1 tablespoon butter , or more as needed	1
1 (3 pound) whole chicken, cut into pieces	1 -lrb- 3 pound -rrb- whole chicken , cut into pieces	1
2 teaspoons minced fresh ginger root	2 teaspoons minced fresh ginger root	1
2 teaspoons minced garlic	2 teaspoons minced garlic	1
1 bunch fresh cilantro	1 bunch fresh cilantro	1
1 jalapeno chile pepper, stem and seeds removed	1 jalapeno chile pepper , stem and seeds removed	1
¼ cup ground unsalted cashews	1/4 cup ground unsalted cashews	1
1 cup heavy whipping cream	1 cup heavy whipping cream	1
⅓ cup dried cherries, chopped	1/3 cup dried cherries , chopped	1
¼ cup plain bread crumbs	1/4 cup plain bread crumbs	1
1 egg yolk	1 egg yolk	1
1 ½ tablespoons finely grated Parmigiano-Reggiano cheese	1 1/2 tablespoons finely grated parmigiano-reggiano cheese	1
1 teaspoon fresh thyme	1 teaspoon fresh thyme	1
1 teaspoon fresh oregano, minced	1 teaspoon fresh oregano , minced	1
2 (6 ounce) skinless, boneless chicken breast halves	2 -lrb- 6 ounce -rrb- skinless , boneless chicken breast halves	1
4 thin slices prosciutto	4 thin slices prosciutto	1
1 ½ tablespoons balsamic vinegar	1 1/2 tablespoons balsamic vinegar	1
1 ½ cups dill pickle juice, or more to taste	1 1/2 cups dill pickle juice , or more to taste	1
1 tablespoon brown sugar	1 tablespoon brown sugar	1
2 large skinless, boneless chicken breast halves	2 large skinless , boneless chicken breast halves	1
2 large skinless, boneless chicken breasts	2 large skinless , boneless chicken breasts	1
cayenne pepper to taste	cayenne pepper to taste	1
3 tablespoons unsalted butter	3 tablespoons unsalted butter	1
½ cup panko breadcrumbs	1/2 cup panko breadcrumbs	1
3 cloves garlic, finely crushed	3 cloves garlic , finely crushed	1
1 tablespoon finely chopped Italian parsley	1 tablespoon finely chopped italian parsley	1
2 tablespoons grated Parmigiano-Reggiano cheese	2 tablespoons grated parmigiano-reggiano cheese	1
1 tablespoon mayonnaise	1 tablespoon mayonnaise	1
1 teaspoon balsamic vinegar	1 teaspoon balsamic vinegar	2
¼ cup chicken broth	1/4 cup chicken broth	3
1 (3 1/2) pound chicken, cut into 8 pieces	1 -lrb- 3 1/2 -rrb- pound chicken , cut into 8 pieces	1
¼ teaspoon ground thyme	1/4 teaspoon ground thyme	1
¼ teaspoon dried oregano	1/4 teaspoon dried oregano	2
¼ teaspoon dried sage	1/4 teaspoon dried sage	1
½ teaspoon white pepper	1/2 teaspoon white pepper	2
2 cups buttermilk	2 cups buttermilk	1
2 cups flour	2 cups flour	1
½ teaspoon paprika	1/2 teaspoon paprika	1
½ teaspoon garlic powder	1/2 teaspoon garlic powder	2
½ teaspoon onion powder	1/2 teaspoon onion powder	1
2 ½ quarts peanut oil for frying	2 1/2 quarts peanut oil for frying	1
1 ½ pounds potatoes, peeled and quartered	1 1/2 pounds potatoes , peeled and quartered	1
1 ½ pounds cooked corned beef, finely chopped	1 1/2 pounds cooked corned beef , finely chopped	1
¼ cup roasted tomato salsa	1/4 cup roasted tomato salsa	1
1 cup packed fresh basil leaves	1 cup packed fresh basil leaves	1
2 eggs, lightly beaten	2 eggs , lightly beaten	1
1 (12 ounce) container whole-milk ricotta cheese, drained well	1 -lrb- 12 ounce -rrb- container whole-milk ricotta cheese , drained well	1
1 ¼ teaspoons kosher salt	1 1/4 teaspoons kosher salt	1
1 ½ ounces freshly grated Parmigiano-Reggiano cheese	1 1/2 ounces freshly grated parmigiano-reggiano cheese	1
10 tablespoons all-purpose flour	10 tablespoons all-purpose flour	1
2 tablespoons unsalted butter for browning (optional)	2 tablespoons unsalted butter for browning -lrb- optional -rrb-	1
4 tablespoons olive oil	4 tablespoons olive oil	1
4 skinless, boneless chicken breast halves, cut into bite size pieces	4 skinless , boneless chicken breast halves , cut into bite size pieces	1
1 ¼ teaspoons salt	1 1/4 teaspoons salt	1
1 ¼ teaspoons garlic powder	1 1/4 teaspoons garlic powder	1
1 ¼ teaspoons dried basil	1 1/4 teaspoons dried basil	1
1 ¼ teaspoons dried oregano	1 1/4 teaspoons dried oregano	1
1 cup chopped sun-dried tomatoes	1 cup chopped sun-dried tomatoes	1
12 ounces boneless, skinless chicken breast halves, cut into bite-sized pieces	12 ounces boneless , skinless chicken breast halves , cut into bite-sized pieces	1
1 tablespoon oyster sauce	1 tablespoon oyster sauce	1
2 tablespoons dark soy sauce	2 tablespoons dark soy sauce	1
2 cloves garlic, chopped	2 cloves garlic , chopped	1
1 large onion, cut into rings	1 large onion , cut into rings	1
½ medium head bok choy, chopped	1/2 medium head bok choy , chopped	1
1 small head broccoli, chopped	1 small head broccoli , chopped	1
1 large onion, thinly sliced	1 large onion , thinly sliced	1
1 (7 ounce) can chopped green chile peppers, drained	1 -lrb- 7 ounce -rrb- can chopped green chile peppers , drained	1
1 (2 ounce) can sliced black olives, drained	1 -lrb- 2 ounce -rrb- can sliced black olives , drained	1
¾ pound skinless, boneless chicken breast meat - cut into cubes	3/4 pound skinless , boneless chicken breast meat - cut into cubes	1
1 cup seashell pasta	1 cup seashell pasta	1
1 cup chopped, cooked chicken meat	1 cup chopped , cooked chicken meat	1
3 green onions, chopped into 1 inch pieces	3 green onions , chopped into 1 inch pieces	1
1 cup sliced black olives	1 cup sliced black olives	1
1 cucumber, peeled and chopped	1 cucumber , peeled and chopped	1
⅔ cup Italian-style salad dressing	2/3 cup italian-style salad dressing	1
¼ cup sunflower seeds (optional)	1/4 cup sunflower seeds -lrb- optional -rrb-	1
4 (1/2 inch) slices green tomato	4 -lrb- 1/2 inch -rrb- slices green tomato	1
¾ cup cornmeal	3/4 cup cornmeal	1
¾ cup bread crumbs	3/4 cup bread crumbs	1
freshly ground black pepper to taste	freshly ground black pepper to taste	2
2 tablespoons sweet pickle relish	2 tablespoons sweet pickle relish	1
2 tablespoons mayonnaise	2 tablespoons mayonnaise	1
2 teaspoons hot sauce, or to taste	2 teaspoons hot sauce , or to taste	1
2 boneless, skinless chicken breast halves	2 boneless , skinless chicken breast halves	1
1 large onion, diced	1 large onion , diced	3
4 cloves garlic, chopped	4 cloves garlic , chopped	1
1 tablespoon ancho chile powder	1 tablespoon ancho chile powder	1
1 teaspoon all-purpose flour	1 teaspoon all-purpose flour	1
½ teaspoon chipotle pepper powder	1/2 teaspoon chipotle pepper powder	1
1 teaspoon fine cornmeal	1 teaspoon fine cornmeal	1
2 cups chicken broth, divided	2 cups chicken broth , divided	1
¼ teaspoon white sugar, or to taste	1/4 teaspoon white sugar , or to taste	1
⅓ cup chopped green onions	1/3 cup chopped green onions	1
⅓ cup sour cream	1/3 cup sour cream	1
⅓ cup chopped fresh cilantro	1/3 cup chopped fresh cilantro	1
½ pound sweet potatoes, peeled and cubed	1/2 pound sweet potatoes , peeled and cubed	1
½ cup warm water	1/2 cup warm water	1
1 large egg	1 large egg	2
3 tablespoons melted butter	3 tablespoons melted butter	1
2 teaspoons honey	2 teaspoons honey	1
1 ¼ teaspoons fine sea salt	1 1/4 teaspoons fine sea salt	1
3 ¼ cups all-purpose flour, or more as needed	3 1/4 cups all-purpose flour , or more as needed	1
1 egg	1 egg	2
1 teaspoon water	1 teaspoon water	1
1 (4 pound) whole chicken, rinsed	1 -lrb- 4 pound -rrb- whole chicken , rinsed	1
2 quarts water	2 quarts water	1
1 large bay leaf	1 large bay leaf	1
1 whole clove	1 whole clove	1
4 cloves garlic, peeled	4 cloves garlic , peeled	1
½ cup butter	1/2 cup butter	1
3 carrots, cut into 1/2-inch pieces	3 carrots , cut into 1/2-inch pieces	1
3 ribs celery, cut into 1/2-inch pieces	3 ribs celery , cut into 1/2-inch pieces	1
1 large onion, cut into 1/2-inch pieces	1 large onion , cut into 1/2-inch pieces	1
6 mushrooms, quartered	6 mushrooms , quartered	1
1 teaspoon ground white pepper	1 teaspoon ground white pepper	1
3 tablespoons fresh tarragon, chopped	3 tablespoons fresh tarragon , chopped	1
2 tablespoons fresh rosemary, chopped	2 tablespoons fresh rosemary , chopped	1
1 (10 ounce) can refrigerated biscuit dough	1 -lrb- 10 ounce -rrb- can refrigerated biscuit dough	1
3 pounds skinless, boneless chicken thighs	3 pounds skinless , boneless chicken thighs	2
3 peeled whole garlic cloves	3 peeled whole garlic cloves	1
1 large yellow onion, halved	1 large yellow onion , halved	1
2 teaspoons kosher salt, plus more to taste	2 teaspoons kosher salt , plus more to taste	1
4 cups chicken stock	4 cups chicken stock	1
1 cup water	1 cup water	1
1 (7 ounce) can chipotle peppers in adobo sauce	1 -lrb- 7 ounce -rrb- can chipotle peppers in adobo sauce	1
2 tablespoons crumbled cotija cheese, or to taste	2 tablespoons crumbled cotija cheese , or to taste	1
3 tablespoons chopped fresh cilantro, or more to taste	3 tablespoons chopped fresh cilantro , or more to taste	1
3 ½ cups water, divided	3 1/2 cups water , divided	1
1 ½ cups low fat, low sodium chicken broth	1 1/2 cups low fat , low sodium chicken broth	1
1 cup uncooked wild rice	1 cup uncooked wild rice	1
⅓ pound bacon	1/3 pound bacon	1
3 cups diced onions	3 cups diced onions	1
3 cups diced celery	3 cups diced celery	1
1 tablespoon water	1 tablespoon water	1
1 cup uncooked long-grain white rice	1 cup uncooked long-grain white rice	1
1 ¾ cups currants	1 3/4 cups currants	1
¾ cup dried cherries	3/4 cup dried cherries	1
¾ cup dried cranberries	3/4 cup dried cranberries	1
½ ounce dried apricots	1/2 ounce dried apricots	1
1 cup diced, unpeeled apples	1 cup diced , unpeeled apples	1
½ cup chopped Italian flat leaf parsley	1/2 cup chopped italian flat leaf parsley	1
6 tablespoons dried mixed herbs	6 tablespoons dried mixed herbs	1
1 recipe pastry for a 9 inch double crust pie	1 recipe pastry for a 9 inch double crust pie	3
2 cups sliced green tomatoes	2 cups sliced green tomatoes	1
1 cup white sugar	1 cup white sugar	2
½ teaspoon ground nutmeg	1/2 teaspoon ground nutmeg	2
kosher salt to taste	kosher salt to taste	1
½ (4 ounce) can chopped roasted green chiles	1/2 -lrb- 4 ounce -rrb- can chopped roasted green chiles	1
3 cloves garlic	3 cloves garlic	2
1 large jalapeno pepper, seeded and sliced	1 large jalapeno pepper , seeded and sliced	1
½ cup lightly packed cilantro leaves and stems	1/2 cup lightly packed cilantro leaves and stems	1
1 teaspoon ground chipotle pepper	1 teaspoon ground chipotle pepper	1
¾ teaspoon dried oregano	3/4 teaspoon dried oregano	1
1 teaspoon kosher salt, or more to taste	1 teaspoon kosher salt , or more to taste	1
1 whole roasting chicken, cut in quarters	1 whole roasting chicken , cut in quarters	1
1 large onion, sliced	1 large onion , sliced	1
8 ounces fresh mushrooms, quartered	8 ounces fresh mushrooms , quartered	1
4 cloves garlic, sliced	4 cloves garlic , sliced	1
3 sprigs rosemary	3 sprigs rosemary	1
½ teaspoon red pepper flakes, or to taste	1/2 teaspoon red pepper flakes , or to taste	1
1 cup tomato sauce	1 cup tomato sauce	1
2 red bell peppers, sliced	2 red bell peppers , sliced	1
2 green bell peppers, sliced	2 green bell peppers , sliced	1
4 ounces smoked ham, thinly sliced	4 ounces smoked ham , thinly sliced	1
3 cloves garlic, thinly sliced	3 cloves garlic , thinly sliced	1
1 ½ cups chicken broth	1 1/2 cups chicken broth	1
3 cups peeled, seeded, and diced butternut squash	3 cups peeled , seeded , and diced butternut squash	1
1 pinch crushed red pepper flakes, or to taste	1 pinch crushed red pepper flakes , or to taste	1
salt, or to taste	salt , or to taste	1
1 teaspoon ground black pepper, or to taste	1 teaspoon ground black pepper , or to taste	1
1 cup mascarpone cheese	1 cup mascarpone cheese	1
1 tablespoon chopped Italian flat leaf parsley	1 tablespoon chopped italian flat leaf parsley	1
finely grated Parmigiano-Reggiano cheese	finely grated parmigiano-reggiano cheese	1
½ cup finely crushed herb-seasoned stuffing mix	1/2 cup finely crushed herb-seasoned stuffing mix	1
3 tablespoons grated Parmesan cheese	3 tablespoons grated parmesan cheese	1
1 tablespoon Italian-style seasoning	1 tablespoon italian-style seasoning	1
3 tablespoons butter	3 tablespoons butter	1
¼ pound sliced fresh mushrooms	1/4 pound sliced fresh mushrooms	1
¼ pound snow peas	1/4 pound snow peas	1
1 (8 ounce) can sliced water chestnuts, drained	1 -lrb- 8 ounce -rrb- can sliced water chestnuts , drained	1
¼ pound sliced bok choy	1/4 pound sliced bok choy	1
salt and black pepper to taste	salt and black pepper to taste	1
1 teaspoon minced fresh ginger root	1 teaspoon minced fresh ginger root	1
¾ cup skinless, boneless chicken breast meat - thinly sliced	3/4 cup skinless , boneless chicken breast meat - thinly sliced	1
1 teaspoon white wine	1 teaspoon white wine	1
¼ teaspoon white sugar	1/4 teaspoon white sugar	1
1 tablespoon cornstarch	1 tablespoon cornstarch	1
2 tablespoons water	2 tablespoons water	1
2 tablespoons canola oil, divided	2 tablespoons canola oil , divided	1
1 ¼ pounds skinless, boneless chicken breast halves, cut into bite-size pieces	1 1/4 pounds skinless , boneless chicken breast halves , cut into bite-size pieces	1
2 tablespoons rice vinegar	2 tablespoons rice vinegar	1
2 tablespoons teriyaki sauce	2 tablespoons teriyaki sauce	1
1 tablespoon honey	1 tablespoon honey	1
1 pound dark sweet cherries, pitted and halved	1 pound dark sweet cherries , pitted and halved	1
1 ½ cups shredded carrots	1 1/2 cups shredded carrots	1
½ cup chopped green onion	1/2 cup chopped green onion	1
⅓ cup toasted and sliced almonds	1/3 cup toasted and sliced almonds	1
12 lettuce leaves	12 lettuce leaves	1
3 ¼ cups all-purpose flour	3 1/4 cups all-purpose flour	1
½ cup whole wheat flour	1/2 cup whole wheat flour	1
¼ cup rolled oats	1/4 cup rolled oats	1
1 ¼ teaspoons baking soda	1 1/4 teaspoons baking soda	1
1 teaspoon baking powder	1 teaspoon baking powder	1
1 ½ teaspoons salt	1 1/2 teaspoons salt	2
¼ cup cold unsalted butter, cut into small cubes	1/4 cup cold unsalted butter , cut into small cubes	1
1 ¾ cups buttermilk	1 3/4 cups buttermilk	1
2 tablespoons honey, or more to taste	2 tablespoons honey , or more to taste	1
2 teaspoons grated orange zest	2 teaspoons grated orange zest	1
1 cup dried currants	1 cup dried currants	1
⅓ cup golden raisins	1/3 cup golden raisins	1
cooking spray	cooking spray	1
3 quarts cold water	3 quarts cold water	1
⅓ cup balsamic vinegar	1/3 cup balsamic vinegar	1
¼ cup salt	1/4 cup salt	1
1 teaspoon dried thyme	1 teaspoon dried thyme	1
8 cloves garlic, minced	8 cloves garlic , minced	1
3 tablespoons olive oil, or as needed	3 tablespoons olive oil , or as needed	1
1 tablespoon freshly ground black pepper	1 tablespoon freshly ground black pepper	1
2 teaspoons red pepper flakes, or to taste	2 teaspoons red pepper flakes , or to taste	1
4 pounds chicken wings, separated at joints, tips discarded	4 pounds chicken wings , separated at joints , tips discarded	1
2 tablespoons fine bread crumbs	2 tablespoons fine bread crumbs	1
1 cup finely grated Parmigiano-Reggiano cheese, divided	1 cup finely grated parmigiano-reggiano cheese , divided	1
8 ounces Spanish chorizo, cut into 1/2 inch pieces	8 ounces spanish chorizo , cut into 1/2 inch pieces	1
1 tablespoon sherry vinegar	1 tablespoon sherry vinegar	1
2 teaspoons chopped fresh oregano	2 teaspoons chopped fresh oregano	1
1 red onion, cut into 1-inch squares	1 red onion , cut into 1 inch squares	1
1 red bell pepper, cut into 1-inch squares	1 red bell pepper , cut into 1 inch squares	1
4 (12-inch) bamboo or metal skewers	4 -lrb- 12 inch -rrb- bamboo or metal skewers	1
3 cups diced cooked rotisserie chicken	3 cups diced cooked rotisserie chicken	1
2 (8 ounce) packages cream cheese, softened	2 -lrb- 8 ounce -rrb- packages cream cheese , softened	1
¾ cup hot pepper sauce (such as Frank's RedHot&reg;)	3/4 cup hot pepper sauce -lrb- such as frank 's redhot & reg ;-rrb-	1
½ cup shredded pepper Jack cheese	1/2 cup shredded pepper jack cheese	1
½ cup blue cheese dressing	1/2 cup blue cheese dressing	1
½ cup crumbled blue cheese	1/2 cup crumbled blue cheese	1
½ teaspoon seafood seasoning (such as Old Bay&reg;)	1/2 teaspoon seafood seasoning -lrb- such as old bay & reg ;-rrb-	1
2 tablespoons shredded pepper Jack cheese	2 tablespoons shredded pepper jack cheese	1
1 pinch cayenne pepper, for garnish	1 pinch cayenne pepper , for garnish	1
1 teaspoon ground dried chipotle pepper	1 teaspoon ground dried chipotle pepper	2
2 cloves minced garlic	2 cloves minced garlic	1
⅓ cup white sugar	1/3 cup white sugar	1
⅓ cup apple cider vinegar	1/3 cup apple cider vinegar	1
2 cups fresh blueberries	2 cups fresh blueberries	1
2 cups fresh basil	2 cups fresh basil	1
⅓ cup freshly grated Parmesan cheese	1/3 cup freshly grated parmesan cheese	1
⅓ cup pine nuts	1/3 cup pine nuts	2
1 medium ripe tomato, chopped	1 medium ripe tomato , chopped	1
1 cup white wine	1 cup white wine	1
2 tablespoons dried basil	2 tablespoons dried basil	1
6 boneless, skinless chicken breasts, cut into strips	6 boneless , skinless chicken breasts , cut into strips	1
5 tablespoons olive oil, divided	5 tablespoons olive oil , divided	1
1 tablespoon sugar	1 tablespoon sugar	1
½ (8 ounce) jar oil-packed sun-dried tomatoes, drained and sliced	1/2 -lrb- 8 ounce -rrb- jar oil-packed sun-dried tomatoes , drained and sliced	1
½ cup white wine	1/2 cup white wine	1
1 cup heavy cream	1 cup heavy cream	1
1 bunch fresh basil leaves	1 bunch fresh basil leaves	1
1 cup Parmesan cheese	1 cup parmesan cheese	1
2 ounces cream cheese	2 ounces cream cheese	1
1 large clove garlic, minced	1 large clove garlic , minced	1
5 green tomatoes, chopped	5 green tomatoes , chopped	1
1 ½ cups white sugar	1 1/2 cups white sugar	1
2 tablespoons cider vinegar	2 tablespoons cider vinegar	1
¼ teaspoon ground cloves	1/4 teaspoon ground cloves	1
4 cups sliced green tomatoes	4 cups sliced green tomatoes	1
1 ¼ cups white sugar	1 1/4 cups white sugar	1
½ pound smoked bacon	1/2 pound smoked bacon	1
2 pounds ripe tomatoes, chopped	2 pounds ripe tomatoes , chopped	1
1 yellow sweet onion, finely diced	1 yellow sweet onion , finely diced	1
2 ½ tablespoons apple cider vinegar	2 1/2 tablespoons apple cider vinegar	1
1 dash hot pepper sauce (such as Tabasco&reg;) (optional)	1 dash hot pepper sauce -lrb- such as tabasco & reg ;-rrb- -lrb- optional -rrb-	1
8 large bone-in, skin-on chicken thighs	8 large bone-in , skin-on chicken thighs	1
½ cup Dijon mustard	1/2 cup dijon mustard	1
¼ cup packed brown sugar	1/4 cup packed brown sugar	1
¼ cup red wine vinegar	1/4 cup red wine vinegar	1
1 teaspoon dry mustard powder	1 teaspoon dry mustard powder	1
½ teaspoon ground dried chipotle pepper	1/2 teaspoon ground dried chipotle pepper	1
1 onion, sliced into rings	1 onion , sliced into rings	1
2 teaspoons vegetable oil, or as needed	2 teaspoons vegetable oil , or as needed	1
2 oranges, juiced	2 oranges , juiced	1
2 lemons, juiced, or more to taste	2 lemons , juiced , or more to taste	1
2 limes, juiced, or more to taste	2 limes , juiced , or more to taste	1
1 teaspoon annatto powder, or more to taste, plus more to sprinkle on before grilling	1 teaspoon annatto powder , or more to taste , plus more to sprinkle on before grilling	1
2 pork tenderloins, trimmed	2 pork tenderloins , trimmed	1
4 slices thick-cut bacon, sliced into 1/4-inch strips, or more to taste	4 slices thick-cut bacon , sliced into 1/4-inch strips , or more to taste	1
1 pound Brussels sprouts, trimmed and halved, or more to taste	1 pound brussels sprouts , trimmed and halved , or more to taste	1
1 clove garlic, thinly sliced, or more to taste	1 clove garlic , thinly sliced , or more to taste	1
½ cup chicken stock, or more as needed	1/2 cup chicken stock , or more as needed	1
1 tablespoon butter, or to taste	1 tablespoon butter , or to taste	1
1 tablespoon balsamic vinegar, or more to taste	1 tablespoon balsamic vinegar , or more to taste	1
4 pounds Brussels sprouts, trimmed and thinly sliced	4 pounds brussels sprouts , trimmed and thinly sliced	1
6 slices bacon, chopped	6 slices bacon , chopped	1
⅓ cup sliced almonds	1/3 cup sliced almonds	1
2 tablespoons minced garlic	2 tablespoons minced garlic	1
2 tablespoons red wine vinegar	2 tablespoons red wine vinegar	1
1 pound prepared pie dough, cut into 4 pieces	1 pound prepared pie dough , cut into 4 pieces	1
2 large green apples, peeled and cored	2 large green apples , peeled and cored	1
¼ cup white sugar	1/4 cup white sugar	1
2 tablespoons brown sugar	2 tablespoons brown sugar	1
1 ½ teaspoons ground cinnamon, or to taste	1 1/2 teaspoons ground cinnamon , or to taste	1
1 teaspoon water, or more if needed (optional)	1 teaspoon water , or more if needed -lrb- optional -rrb-	1
2 teaspoons milk	2 teaspoons milk	1
1 teaspoon white sugar, or as needed - divided	1 teaspoon white sugar , or as needed - divided	1
1 ¾ pounds skinless, boneless chicken breast halves - cut into 1 inch pieces	1 3/4 pounds skinless , boneless chicken breast halves - cut into 1 inch pieces	1
2 large onions, thinly sliced	2 large onions , thinly sliced	1
½ cup coarsely chopped dried apricots	1/2 cup coarsely chopped dried apricots	1
⅓ cup raisins	1/3 cup raisins	1
1 ¼ cups low-sodium chicken broth	1 1/4 cups low-sodium chicken broth	1
2 tablespoons tomato paste	2 tablespoons tomato paste	1
1 ½ teaspoons ground ginger	1 1/2 teaspoons ground ginger	1
1 ½ teaspoons ground cumin	1 1/2 teaspoons ground cumin	1
½ teaspoon black pepper	1/2 teaspoon black pepper	2
¼ teaspoon curry powder (optional)	1/4 teaspoon curry powder -lrb- optional -rrb-	1
⅛ teaspoon cayenne pepper (optional)	⅛ teaspoon cayenne pepper -lrb- optional -rrb-	1
1 cup couscous	1 cup couscous	1
1 cup boiling water	1 cup boiling water	1
1 teaspoon ground cayenne pepper	1 teaspoon ground cayenne pepper	1
1 teaspoon ground coriander	1 teaspoon ground coriander	1
1 onion, chopped	1 onion , chopped	1
1 tablespoon minced fresh ginger	1 tablespoon minced fresh ginger	1
3 tomatoes, seeded and chopped	3 tomatoes , seeded and chopped	1
1 bunch chopped fresh parsley	1 bunch chopped fresh parsley	1
3 cloves garlic, peeled and chopped	3 cloves garlic , peeled and chopped	1
2 (10 ounce) packages chopped frozen broccoli, thawed	2 -lrb- 10 ounce -rrb- packages chopped frozen broccoli , thawed	1
1 potato, peeled and chopped	1 potato , peeled and chopped	1
9 baking potatoes	9 baking potatoes	1
⅔ cup butter	2/3 cup butter	1
⅔ cup all-purpose flour	2/3 cup all-purpose flour	1
6 cups whole milk	6 cups whole milk	1
½ tablespoon salt	1/2 tablespoon salt	1
½ cup bacon bits, divided	1/2 cup bacon bits , divided	1
10 ounces shredded Cheddar cheese	10 ounces shredded cheddar cheese	1
1 (8 ounce) container sour cream	1 -lrb- 8 ounce -rrb- container sour cream	1
3 cups penne pasta, uncooked	3 cups penne pasta , uncooked	1
¼ cup KRAFT Sun-Dried Tomato Vinaigrette Dressing	1/4 cup kraft sun-dried tomato vinaigrette dressing	1
4 (4 ounce) boneless, skinless chicken breasts	4 -lrb- 4 ounce -rrb- boneless , skinless chicken breasts	1
1 cup fat-free, reduced-sodium chicken broth	1 cup fat-free , reduced-sodium chicken broth	1
4 ounces PHILADELPHIA Neufchatel cheese, cubed	4 ounces philadelphia neufchatel cheese , cubed	1
2 cups grape tomatoes	2 cups grape tomatoes	1
½ cup KRAFT Shredded Parmesan Cheese	1/2 cup kraft shredded parmesan cheese	1
8 fresh basil leaves, cut into strips	8 fresh basil leaves , cut into strips	1
4 small boneless skinless chicken breast halves	4 small boneless skinless chicken breast halves	1
2 tablespoons flour	2 tablespoons flour	1
1 tablespoon oil	1 tablespoon oil	1
¾ cup fat-free, reduced-sodium chicken broth	3/4 cup fat-free , reduced-sodium chicken broth	1
4 ounces PHILADELPHIA Cream Cheese, cubed	4 ounces philadelphia cream cheese , cubed	1
¼ cup KRAFT Roasted Red Pepper Italian with Parmesan Dressing	1/4 cup kraft roasted red pepper italian with parmesan dressing	1
1 pound boneless skinless chicken breasts, cut into wide strips	1 pound boneless skinless chicken breasts , cut into wide strips	1
1 ½ cups fat-free, reduced-sodium chicken broth	1 1/2 cups fat-free , reduced-sodium chicken broth	1
2 cups instant brown rice, uncooked	2 cups instant brown rice , uncooked	1
4 ounces PHILADELPHIA 1/3 Less Fat Cream Cheese, cubed	4 ounces philadelphia 1/3 less fat cream cheese , cubed	1
1 (8 ounce) package baby spinach leaves	1 -lrb- 8 ounce -rrb- package baby spinach leaves	1
1 large tomato, chopped	1 large tomato , chopped	1
2 tablespoons KRAFT Grated Parmesan Cheese	2 tablespoons kraft grated parmesan cheese	1
½ pound angel hair pasta, uncooked	1/2 pound angel hair pasta , uncooked	1
2 teaspoons oil	2 teaspoons oil	1
1 pound boneless skinless chicken breasts, cut into bite-size pieces	1 pound boneless skinless chicken breasts , cut into bite-size pieces	1
2 cups milk	2 cups milk	1
½ cup PHILADELPHIA Cream Cheese Spread	1/2 cup philadelphia cream cheese spread	1
1 large red pepper, cut into strips	1 large red pepper , cut into strips	1
¼ cup KRAFT Grated Parmesan Cheese	1/4 cup kraft grated parmesan cheese	1
2 tablespoons pesto	2 tablespoons pesto	1
8 slices bacon, cut into bite-size pieces	8 slices bacon , cut into bite-size pieces	1
1 small red onion, chopped, or more to taste	1 small red onion , chopped , or more to taste	1
3 cloves garlic, minced, or more to taste	3 cloves garlic , minced , or more to taste	1
5 cups chopped green tomatoes	5 cups chopped green tomatoes	1
3 cups vegetable broth	3 cups vegetable broth	1
½ teaspoon celery salt, or more to taste	1/2 teaspoon celery salt , or more to taste	1
1 bay leaf, or more to taste	1 bay leaf , or more to taste	1
