Everyday Cooking	everyday cooking	5
Vegetarian	vegetarian	4
Protein	protein	4
Tofu	tofu	4
Breakfast and Brunch	breakfast and brunch	1
Potatoes	potatoes	2
World Cuisine	world cuisine	20
European	european	7
Italian	italian	5
Main Dish	main dish	8
Sandwiches	sandwiches	1
Appetizers and Snacks	appetizers and snacks	4
Drinks	drinks	1
Smoothies	smoothies	1
Strawberry	strawberry	1
Vegan	vegan	1
Asian	asian	9
Indian	indian	4
Side Dish	side dish	9
Salad	salad	4
Vegetable Salads	vegetable salads	1
Soups, Stews and Chili	soups , stews and chili	11
Soup	soup	8
Noodle Soup	noodle soup	2
Chinese	chinese	3
Pasta Salad	pasta salad	2
Chicken Pasta Salad	chicken pasta salad	1
Meat and Poultry	meat and poultry	28
Chicken	chicken	29
Chicken Breasts	chicken breasts	14
Spanish	spanish	1
Stuffed Main Dishes	stuffed main dishes	1
Stuffed Cabbage	stuffed cabbage	1
Chicken Thighs	chicken thighs	5
Grains	grains	1
Quinoa Salad	quinoa salad	1
Latin American	latin american	3
Mexican	mexican	2
Lamb	lamb	2
Chops	chops	1
Skillet	skillet	3
Stews	stews	1
Jambalaya	jambalaya	1
Chicken Soup	chicken soup	3
Pan-Fried	pan-fried	1
German	german	1
Chicken Cordon Bleu	chicken cordon bleu	1
Chicken Marsala	chicken marsala	1
Sauces and Condiments	sauces and condiments	2
Sauces	sauces	2
Pasta Sauces	pasta sauces	2
Tomato	tomato	1
Whole Chicken	whole chicken	1
Fried Chicken	fried chicken	1
Dumplings	dumplings	1
Cucumber Pasta Salad	cucumber pasta salad	1
Vegetables	vegetables	3
Tomatoes	tomatoes	1
Fried Green Tomatoes	fried green tomatoes	1
Chili	chili	2
White Chili	white chili	1
Bread	bread	2
Yeast Bread	yeast bread	1
Rolls and Buns	rolls and buns	1
Stuffing and Dressing	stuffing and dressing	1
Rice Stuffing and Dressing	rice stuffing and dressing	1
Desserts	desserts	4
Pies	pies	4
Vintage Pies	vintage pies	2
Chicken Chili	chicken chili	1
Chicken Cacciatore	chicken cacciatore	1
Chicken Parmesan	chicken parmesan	1
Wraps and Rolls	wraps and rolls	1
Quick Bread	quick bread	1
Irish Soda Bread	irish soda bread	1
Dips and Spreads	dips and spreads	1
Cheese Dips and Spreads	cheese dips and spreads	1
Pasta	pasta	1
Pork	pork	2
Bacon	bacon	1
Appetizers	appetizers	1
Tenderloin	tenderloin	1
Brussels Sprouts	brussels sprouts	2
Apple Pie	apple pie	1
African	african	1
South American	south american	1
Brazilian	brazilian	1
Vegetable Soup	vegetable soup	2
Broccoli Soup	broccoli soup	1
Cream Soups	cream soups	1
Cream of Potato Soup	cream of potato soup	1
Trusted Brands: Recipes and Tips	trusted brands : recipes and tips	4
PHILADELPHIA Cream Cheese	philadelphia cream cheese	4
Tomato Soup	tomato soup	1
Everyday Cooking	everyday cooking	5
Vegetarian	vegetarian	4
Protein	protein	4
Tofu	tofu	4
Breakfast and Brunch	breakfast and brunch	1
Potatoes	potatoes	2
World Cuisine	world cuisine	20
European	european	7
Italian	italian	5
Main Dish	main dish	8
Sandwiches	sandwiches	1
Appetizers and Snacks	appetizers and snacks	4
Drinks	drinks	1
Smoothies	smoothies	1
Strawberry	strawberry	1
Vegan	vegan	1
Asian	asian	9
Indian	indian	4
Side Dish	side dish	9
Salad	salad	4
Vegetable Salads	vegetable salads	1
Soups, Stews and Chili	soups , stews and chili	11
Soup	soup	8
Noodle Soup	noodle soup	2
Chinese	chinese	3
Pasta Salad	pasta salad	2
Chicken Pasta Salad	chicken pasta salad	1
Meat and Poultry	meat and poultry	28
Chicken	chicken	29
Chicken Breasts	chicken breasts	14
Spanish	spanish	1
Stuffed Main Dishes	stuffed main dishes	1
Stuffed Cabbage	stuffed cabbage	1
Chicken Thighs	chicken thighs	5
Grains	grains	1
Quinoa Salad	quinoa salad	1
Latin American	latin american	3
Mexican	mexican	2
Lamb	lamb	2
Chops	chops	1
Skillet	skillet	3
Stews	stews	1
Jambalaya	jambalaya	1
Chicken Soup	chicken soup	3
Pan-Fried	pan-fried	1
German	german	1
Chicken Cordon Bleu	chicken cordon bleu	1
Chicken Marsala	chicken marsala	1
Sauces and Condiments	sauces and condiments	2
Sauces	sauces	2
Pasta Sauces	pasta sauces	2
Tomato	tomato	1
Whole Chicken	whole chicken	1
Fried Chicken	fried chicken	1
Dumplings	dumplings	1
Cucumber Pasta Salad	cucumber pasta salad	1
Vegetables	vegetables	3
Tomatoes	tomatoes	1
Fried Green Tomatoes	fried green tomatoes	1
Chili	chili	2
White Chili	white chili	1
Bread	bread	2
Yeast Bread	yeast bread	1
Rolls and Buns	rolls and buns	1
Stuffing and Dressing	stuffing and dressing	1
Rice Stuffing and Dressing	rice stuffing and dressing	1
Desserts	desserts	4
Pies	pies	4
Vintage Pies	vintage pies	2
Chicken Chili	chicken chili	1
Chicken Cacciatore	chicken cacciatore	1
Chicken Parmesan	chicken parmesan	1
Wraps and Rolls	wraps and rolls	1
Quick Bread	quick bread	1
Irish Soda Bread	irish soda bread	1
Dips and Spreads	dips and spreads	1
Cheese Dips and Spreads	cheese dips and spreads	1
Pasta	pasta	1
Pork	pork	2
Bacon	bacon	1
Appetizers	appetizers	1
Tenderloin	tenderloin	1
Brussels Sprouts	brussels sprouts	2
Apple Pie	apple pie	1
African	african	1
South American	south american	1
Brazilian	brazilian	1
Vegetable Soup	vegetable soup	2
Broccoli Soup	broccoli soup	1
Cream Soups	cream soups	1
Cream of Potato Soup	cream of potato soup	1
Trusted Brands: Recipes and Tips	trusted brands : recipes and tips	4
PHILADELPHIA Cream Cheese	philadelphia cream cheese	4
Tomato Soup	tomato soup	1
