Desserts	desserts	19
Chocolate	chocolate	3
Dark Chocolate	dark chocolate	2
Cakes	cakes	10
Cake Mix Cakes	cake mix cakes	2
Chocolate Cake	chocolate cake	5
Sheet Cake	sheet cake	4
World Cuisine	world cuisine	16
European	european	6
Italian	italian	3
Specialty Desserts	specialty desserts	2
Liqueur Desserts	liqueur desserts	2
Kirschwasser	kirschwasser	1
Fruits and Vegetables	fruits and vegetables	1
Vegetables	vegetables	5
Squash	squash	1
Fruit Desserts	fruit desserts	1
Raspberry Desserts	raspberry desserts	1
German Chocolate Cake	german chocolate cake	1
Coffee Liqueur	coffee liqueur	1
UK and Ireland	uk and ireland	1
Irish	irish	1
Milk Chocolate	milk chocolate	1
Bread	bread	3
Quick Bread	quick bread	2
Irish Soda Bread	irish soda bread	1
Main Dish	main dish	9
Chicken	chicken	28
Chicken Parmesan	chicken parmesan	1
Pies	pies	3
Pie Crusts	pie crusts	1
Latin American	latin american	3
Caribbean	caribbean	1
Yeast Bread	yeast bread	1
Rolls and Buns	rolls and buns	1
Side Dish	side dish	11
Sauces and Condiments	sauces and condiments	4
Sauces	sauces	3
Apple Pie	apple pie	1
Soups, Stews and Chili	soups , stews and chili	10
Chili	chili	2
White Chili	white chili	1
Pasta Sauces	pasta sauces	2
Tomato	tomato	1
Potatoes	potatoes	1
Scones	scones	1
Soup	soup	7
Noodle Soup	noodle soup	1
Appetizers and Snacks	appetizers and snacks	4
Meat and Poultry	meat and poultry	24
Spanish	spanish	1
Chicken Breasts	chicken breasts	7
Pan-Fried	pan-fried	1
Breakfast and Brunch	breakfast and brunch	2
Eggs	eggs	2
Omelets	omelets	1
Seafood	seafood	1
Halibut	halibut	1
Fried Chicken	fried chicken	2
Tomatoes	tomatoes	1
Fried Green Tomatoes	fried green tomatoes	1
Chicken Chili	chicken chili	1
Asian	asian	7
Quiche	quiche	1
German	german	1
Dumplings	dumplings	1
Chicken Soup	chicken soup	2
Salad	salad	2
Pasta Salad	pasta salad	1
Chicken Pasta Salad	chicken pasta salad	1
Gravy	gravy	1
Stuffed Main Dishes	stuffed main dishes	2
Stuffed Cabbage	stuffed cabbage	1
Dips and Spreads	dips and spreads	2
Cheese Dips and Spreads	cheese dips and spreads	2
Mexican	mexican	1
Wraps and Rolls	wraps and rolls	1
Egg Rolls	egg rolls	1
Skillet	skillet	1
Whole Chicken	whole chicken	2
Chicken Thighs	chicken thighs	5
Chicken Marsala	chicken marsala	1
Stuffing and Dressing	stuffing and dressing	1
Rice Stuffing and Dressing	rice stuffing and dressing	1
Chicken Cacciatore	chicken cacciatore	1
Korean	korean	1
Pork	pork	2
Tenderloin	tenderloin	1
Carrots	carrots	1
Glazed Carrots	glazed carrots	1
Brussels Sprouts	brussels sprouts	2
Stews	stews	1
Indian	indian	1
South American	south american	1
Brazilian	brazilian	1
Vegetable Soup	vegetable soup	2
Broccoli Soup	broccoli soup	2
Cream Soups	cream soups	2
Cream of Potato Soup	cream of potato soup	1
Vegetable Salads	vegetable salads	1
Broccoli Salad	broccoli salad	1
Chicken Cordon Bleu	chicken cordon bleu	1
Vintage Pies	vintage pies	1
Cream of Broccoli Soup	cream of broccoli soup	1
Stuffed Bell Peppers	stuffed bell peppers	1
Holiday Cakes	holiday cakes	1
Pasta	pasta	1
Desserts	desserts	19
Chocolate	chocolate	3
Dark Chocolate	dark chocolate	2
Cakes	cakes	10
Cake Mix Cakes	cake mix cakes	2
Chocolate Cake	chocolate cake	5
Sheet Cake	sheet cake	4
World Cuisine	world cuisine	16
European	european	6
Italian	italian	3
Specialty Desserts	specialty desserts	2
Liqueur Desserts	liqueur desserts	2
Kirschwasser	kirschwasser	1
Fruits and Vegetables	fruits and vegetables	1
Vegetables	vegetables	5
Squash	squash	1
Fruit Desserts	fruit desserts	1
Raspberry Desserts	raspberry desserts	1
German Chocolate Cake	german chocolate cake	1
Coffee Liqueur	coffee liqueur	1
UK and Ireland	uk and ireland	1
Irish	irish	1
Milk Chocolate	milk chocolate	1
Bread	bread	3
Quick Bread	quick bread	2
Irish Soda Bread	irish soda bread	1
Main Dish	main dish	9
Chicken	chicken	28
Chicken Parmesan	chicken parmesan	1
Pies	pies	3
Pie Crusts	pie crusts	1
Latin American	latin american	3
Caribbean	caribbean	1
Yeast Bread	yeast bread	1
Rolls and Buns	rolls and buns	1
Side Dish	side dish	11
Sauces and Condiments	sauces and condiments	4
Sauces	sauces	3
Apple Pie	apple pie	1
Soups, Stews and Chili	soups , stews and chili	10
Chili	chili	2
White Chili	white chili	1
Pasta Sauces	pasta sauces	2
Tomato	tomato	1
Potatoes	potatoes	1
Scones	scones	1
Soup	soup	7
Noodle Soup	noodle soup	1
Appetizers and Snacks	appetizers and snacks	4
Meat and Poultry	meat and poultry	24
Spanish	spanish	1
Chicken Breasts	chicken breasts	7
Pan-Fried	pan-fried	1
Breakfast and Brunch	breakfast and brunch	2
Eggs	eggs	2
Omelets	omelets	1
Seafood	seafood	1
Halibut	halibut	1
Fried Chicken	fried chicken	2
Tomatoes	tomatoes	1
Fried Green Tomatoes	fried green tomatoes	1
Chicken Chili	chicken chili	1
Asian	asian	7
Quiche	quiche	1
German	german	1
Dumplings	dumplings	1
Chicken Soup	chicken soup	2
Salad	salad	2
Pasta Salad	pasta salad	1
Chicken Pasta Salad	chicken pasta salad	1
Gravy	gravy	1
Stuffed Main Dishes	stuffed main dishes	2
Stuffed Cabbage	stuffed cabbage	1
Dips and Spreads	dips and spreads	2
Cheese Dips and Spreads	cheese dips and spreads	2
Mexican	mexican	1
Wraps and Rolls	wraps and rolls	1
Egg Rolls	egg rolls	1
Skillet	skillet	1
Whole Chicken	whole chicken	2
Chicken Thighs	chicken thighs	5
Chicken Marsala	chicken marsala	1
Stuffing and Dressing	stuffing and dressing	1
Rice Stuffing and Dressing	rice stuffing and dressing	1
Chicken Cacciatore	chicken cacciatore	1
Korean	korean	1
Pork	pork	2
Tenderloin	tenderloin	1
Carrots	carrots	1
Glazed Carrots	glazed carrots	1
Brussels Sprouts	brussels sprouts	2
Stews	stews	1
Indian	indian	1
South American	south american	1
Brazilian	brazilian	1
Vegetable Soup	vegetable soup	2
Broccoli Soup	broccoli soup	2
Cream Soups	cream soups	2
Cream of Potato Soup	cream of potato soup	1
Vegetable Salads	vegetable salads	1
Broccoli Salad	broccoli salad	1
Chicken Cordon Bleu	chicken cordon bleu	1
Vintage Pies	vintage pies	1
Cream of Broccoli Soup	cream of broccoli soup	1
Stuffed Bell Peppers	stuffed bell peppers	1
Holiday Cakes	holiday cakes	1
Pasta	pasta	1
