Salad	salad	38
Vegetable Salads	vegetable salads	7
Broccoli Salad	broccoli salad	3
Curry Salad	curry salad	1
Green Salads	green salads	6
Mixed Greens Salad	mixed greens salad	1
Taco Salad	taco salad	1
Spinach Salad	spinach salad	2
Grains	grains	7
Quinoa Salad	quinoa salad	3
Meat and Poultry	meat and poultry	10
Pork	pork	5
Egg Salad	egg salad	1
Breakfast and Brunch	breakfast and brunch	8
Eggs	eggs	7
Appetizers and Snacks	appetizers and snacks	2
Canapes and Crostini	canapes and crostini	1
Soups, Stews and Chili	soups , stews and chili	11
Soup	soup	9
Beans and Peas	beans and peas	1
Beans	beans	1
Three Bean Salad	three bean salad	1
Cream Soups	cream soups	2
Cream of Potato Soup	cream of potato soup	1
Desserts	desserts	15
Fruit Desserts	fruit desserts	5
Apple Desserts	apple desserts	1
Pies	pies	4
Vintage Pies	vintage pies	1
Side Dish	side dish	14
Stuffing and Dressing	stuffing and dressing	2
Sausage Stuffing and Dressing	sausage stuffing and dressing	1
Vegetables	vegetables	8
Corn	corn	2
Potatoes	potatoes	1
Potato Salad	potato salad	1
Red Potato Salad	red potato salad	1
Trusted Brands: Recipes and Tips	trusted brands : recipes and tips	3
PHILADELPHIA Cream Cheese	philadelphia cream cheese	1
Vegetable Soup	vegetable soup	4
Broccoli Soup	broccoli soup	2
Main Dish	main dish	3
Stuffed Main Dishes	stuffed main dishes	1
Stuffed Bell Peppers	stuffed bell peppers	1
Fruit Pies	fruit pies	3
Peach Pie	peach pie	1
Cakes	cakes	5
Sheet Cake	sheet cake	1
Pancakes	pancakes	1
Chicken	chicken	7
Chicken Cacciatore	chicken cacciatore	1
Pasta Salad	pasta salad	7
Macaroni Salad	macaroni salad	2
Chicken Breasts	chicken breasts	4
Skillet	skillet	2
Tenderloin	tenderloin	1
Casseroles	casseroles	2
Greek Pasta Salad	greek pasta salad	2
Spinach Pasta Salad	spinach pasta salad	1
Squash Soup	squash soup	2
Zucchini Soup	zucchini soup	1
Carrots	carrots	2
Glazed Carrots	glazed carrots	2
Coffee Cake	coffee cake	1
Bread	bread	2
Yeast Bread	yeast bread	1
Avocado Salad	avocado salad	2
Cucumber Pasta Salad	cucumber pasta salad	1
Romaine Lettuce Salad	romaine lettuce salad	1
Sauces and Condiments	sauces and condiments	1
Salad Dressings	salad dressings	1
Vinaigrette Dressing	vinaigrette dressing	1
Broccoli Casserole	broccoli casserole	1
Green Pea Salad	green pea salad	1
Stews	stews	2
Jambalaya	jambalaya	1
Chicken Soup	chicken soup	2
Ribs	ribs	1
Baby Back Ribs	baby back ribs	1
Broccoli	broccoli	1
Brussels Sprouts	brussels sprouts	2
World Cuisine	world cuisine	3
European	european	1
Italian	italian	1
Chicken and Dumplings	chicken and dumplings	1
Cream of Broccoli Soup	cream of broccoli soup	1
Rhubarb Pie	rhubarb pie	1
Pineapple Desserts	pineapple desserts	1
African	african	1
North African	north african	1
Moroccan	moroccan	1
Quick Bread	quick bread	1
Scones	scones	1
Holiday Cakes	holiday cakes	2
Nut Desserts	nut desserts	1
Pistachio Desserts	pistachio desserts	1
Cranberry Desserts	cranberry desserts	1
Banana Desserts	banana desserts	1
Blueberry Pie	blueberry pie	1
Blueberry Desserts	blueberry desserts	1
Yellow Cake	yellow cake	1
Rice Stuffing and Dressing	rice stuffing and dressing	1
Chicken Parmesan	chicken parmesan	1
Rice Salad	rice salad	3
Kale Salad	kale salad	1
Butternut Squash Soup	butternut squash soup	1
Asian	asian	1
Indian	indian	1
Fruits and Vegetables	fruits and vegetables	1
Squash	squash	1
Quiche	quiche	1
Chicken Pasta Salad	chicken pasta salad	1
Beef and Pork Salads	beef and pork salads	1
Ham Salad	ham salad	1
Goya&#174;	goya &#174;	2
Fruit Salads	fruit salads	1
Orange Salad	orange salad	1
Brunswick Stew	brunswick stew	1
Spicy	spicy	1
Salad	salad	38
Vegetable Salads	vegetable salads	7
Broccoli Salad	broccoli salad	3
Curry Salad	curry salad	1
Green Salads	green salads	6
Mixed Greens Salad	mixed greens salad	1
Taco Salad	taco salad	1
Spinach Salad	spinach salad	2
Grains	grains	7
Quinoa Salad	quinoa salad	3
Meat and Poultry	meat and poultry	10
Pork	pork	5
Egg Salad	egg salad	1
Breakfast and Brunch	breakfast and brunch	8
Eggs	eggs	7
Appetizers and Snacks	appetizers and snacks	2
Canapes and Crostini	canapes and crostini	1
Soups, Stews and Chili	soups , stews and chili	11
Soup	soup	9
Beans and Peas	beans and peas	1
Beans	beans	1
Three Bean Salad	three bean salad	1
Cream Soups	cream soups	2
Cream of Potato Soup	cream of potato soup	1
Desserts	desserts	15
Fruit Desserts	fruit desserts	5
Apple Desserts	apple desserts	1
Pies	pies	4
Vintage Pies	vintage pies	1
Side Dish	side dish	14
Stuffing and Dressing	stuffing and dressing	2
Sausage Stuffing and Dressing	sausage stuffing and dressing	1
Vegetables	vegetables	8
Corn	corn	2
Potatoes	potatoes	1
Potato Salad	potato salad	1
Red Potato Salad	red potato salad	1
Trusted Brands: Recipes and Tips	trusted brands : recipes and tips	3
PHILADELPHIA Cream Cheese	philadelphia cream cheese	1
Vegetable Soup	vegetable soup	4
Broccoli Soup	broccoli soup	2
Main Dish	main dish	3
Stuffed Main Dishes	stuffed main dishes	1
Stuffed Bell Peppers	stuffed bell peppers	1
Fruit Pies	fruit pies	3
Peach Pie	peach pie	1
Cakes	cakes	5
Sheet Cake	sheet cake	1
Pancakes	pancakes	1
Chicken	chicken	7
Chicken Cacciatore	chicken cacciatore	1
Pasta Salad	pasta salad	7
Macaroni Salad	macaroni salad	2
Chicken Breasts	chicken breasts	4
Skillet	skillet	2
Tenderloin	tenderloin	1
Casseroles	casseroles	2
Greek Pasta Salad	greek pasta salad	2
Spinach Pasta Salad	spinach pasta salad	1
Squash Soup	squash soup	2
Zucchini Soup	zucchini soup	1
Carrots	carrots	2
Glazed Carrots	glazed carrots	2
Coffee Cake	coffee cake	1
Bread	bread	2
Yeast Bread	yeast bread	1
Avocado Salad	avocado salad	2
Cucumber Pasta Salad	cucumber pasta salad	1
Romaine Lettuce Salad	romaine lettuce salad	1
Sauces and Condiments	sauces and condiments	1
Salad Dressings	salad dressings	1
Vinaigrette Dressing	vinaigrette dressing	1
Broccoli Casserole	broccoli casserole	1
Green Pea Salad	green pea salad	1
Stews	stews	2
Jambalaya	jambalaya	1
Chicken Soup	chicken soup	2
Ribs	ribs	1
Baby Back Ribs	baby back ribs	1
Broccoli	broccoli	1
Brussels Sprouts	brussels sprouts	2
World Cuisine	world cuisine	3
European	european	1
Italian	italian	1
Chicken and Dumplings	chicken and dumplings	1
Cream of Broccoli Soup	cream of broccoli soup	1
Rhubarb Pie	rhubarb pie	1
Pineapple Desserts	pineapple desserts	1
African	african	1
North African	north african	1
Moroccan	moroccan	1
Quick Bread	quick bread	1
Scones	scones	1
Holiday Cakes	holiday cakes	2
Nut Desserts	nut desserts	1
Pistachio Desserts	pistachio desserts	1
Cranberry Desserts	cranberry desserts	1
Banana Desserts	banana desserts	1
Blueberry Pie	blueberry pie	1
Blueberry Desserts	blueberry desserts	1
Yellow Cake	yellow cake	1
Rice Stuffing and Dressing	rice stuffing and dressing	1
Chicken Parmesan	chicken parmesan	1
Rice Salad	rice salad	3
Kale Salad	kale salad	1
Butternut Squash Soup	butternut squash soup	1
Asian	asian	1
Indian	indian	1
Fruits and Vegetables	fruits and vegetables	1
Squash	squash	1
Quiche	quiche	1
Chicken Pasta Salad	chicken pasta salad	1
Beef and Pork Salads	beef and pork salads	1
Ham Salad	ham salad	1
Goya&#174;	goya &#174;	2
Fruit Salads	fruit salads	1
Orange Salad	orange salad	1
Brunswick Stew	brunswick stew	1
Spicy	spicy	1
