ecovacs	ecovacs	1
irobot roomba	irobot roomba	1
irobot	irobot	1
neato	neato	1
belkin wemo	belkin wemo	1
belkin	belkin	1
wemo	wemo	1
dyson	dyson	1
insteon	insteon	1
isy994 controller	isy994 controller	1
isy994	isy994	1
mqtt	mqtt	1
salda smarty	salda smarty	1
salda	salda	1
smartthings	smartthings	1
tuya	tuya	1
vallox ventilation	vallox ventilation	1
vallox	vallox	1
ventilation	ventilation	1
wink	wink	1
xiaomi air purifier	xiaomi air purifier	1
xiaomi air	xiaomi air	1
xiaomi	xiaomi	1
z-wave	z-wave	1
z wave	z wave	1
zehnder comfoair	zehnder comfoair	1
zehnder	zehnder	1
zigbee home	zigbee home	1
zigbee	zigbee	1
kitchen	kitchen	1
bedroom	bedroom	1
ceiling	ceiling	1
wall	wall	1
bathroom	bathroom	1
lobby	lobby	1
living room	living room	1
livingroom	livingroom	1
restroom	restroom	1
toilet	toilet	1
dining room	dining room	1
diningroom	diningroom	1
corridor	corridor	1
drawing room	drawing room	1
garden	garden	1
yard	yard	1
study room	study room	1
garage	garage	1
apartment	apartment	1
porch	porch	1
loft	loft	1
stair	stair	1
staircase	staircase	1
stir well	stir well	1
entrance	entrance	1
sitting room	sitting room	1
meeting room	meeting room	1
office	office	1
master bedroom	master bedroom	1
quest bedroom	quest bedroom	1
children bedroom	children bedroom	1
dressing room	dressing room	1
storeroom	storeroom	1
store room	store room	1
basement	basement	1
undercroft	undercroft	1
master bathroom	master bathroom	1
wash room	wash room	1
aisle	aisle	1
gazebo	gazebo	1
playground	playground	1
lawn	lawn	1
lounge	lounge	1
bar	bar	1
street	street	1
basketball court	basketball court	1
balcony	balcony	1
gallery	gallery	1
veranda	veranda	1
terrace	terrace	1
